"Guid","SBQQ__Active__c","SBQQ__UnitCost__c"
004a9c0d-41bc-4d31-87f7-d5a0257016b3,true,0.0
00971e6a-23ea-4ff5-89f4-f3b68b96d049,true,0.0
00ba6f9b-b404-4b2c-b196-9b06dd4969f4,true,0.0
00eb476e-2558-46f0-a855-394422ace175,true,1388.8922898110625
0114c15b-1fb8-4165-b0e3-5237c2340e3c,true,0.0
0117c0bc-dcef-4768-8b3b-fda4d643e24b,true,155.15575872593308
0151d18c-2223-40e7-8715-5752eb2ecbd0,true,0.6354705784319682
0153cbce-81ae-458c-a893-6b4118ccb23d,true,5.559193159741093
0163287f-c3cb-403b-8dac-e2ecd7926c1a,true,555.9676904792332
01a11e02-835b-4d7d-8545-40feddce735c,true,1110.9152324776808
028f7c79-72b7-43e8-a58d-a8787288a97d,true,4566.197773632533
02bc8945-774d-4e54-8137-9340bc145759,true,90.31686048907127
02c0b620-0c04-48cb-9238-22e66cb8cdd8,true,0.0
02c755b7-d9da-46f5-94a6-65bb1e55787c,true,40.873130065815765
0301c5cf-c452-409d-969f-d0f486808622,true,870.4238064524845
037f10b5-82dd-4eb3-a672-058341096f6e,true,1620.7861811589432
03f96580-a424-4127-b58b-9b8223135ae4,true,50.81
040b8176-6294-46e6-8e44-237e65646dbe,true,55.59676904792332
0412a998-282e-4226-a19a-e316975d4fe0,true,184.24746348704554
04502c98-c17f-4ed7-b656-3c41d2d30c0f,true,0.0
0450ad50-dbda-4b1b-9b25-022323cf5924,true,48.29969311038338
04d7a1dd-417c-4576-9661-4ebb7124c08a,true,193.19877244153352
04ff3139-7c4e-469b-b80e-5f5378297815,true,344.7271971247044
055ea2f4-a593-4bb2-b943-fc1ed60c716b,true,167.003421387418
0594d258-2d2f-4391-87ca-2bc801cd623f,true,7.727278492040119
06dd44f8-7a17-4054-856f-708faf54781f,true,193.19877244153352
071144d0-4ae4-4538-ae7a-36404779f918,true,502.70465827202315
07cdcc6a-e430-4aeb-87cb-e54f1e2f8c8b,true,1389.919226198083
080a336a-6cc8-4289-aef2-3fba6988cf0b,true,0.7369898539481822
0833d546-0e0a-4bcd-b366-32d82cfba7b5,true,155.15575872593308
098f822e-d61a-4717-b3e4-92c3e671dcc9,true,2210.969561844546
0a3035bf-2627-4683-b31c-9b942bef0df9,true,3.4747980654952073
0a603c05-8ca3-4856-b2fb-f697b8c8f482,true,3152.5917967250753
0a79f714-35ce-42ab-87d2-d52ef46567a1,true,3234.997569435705
0acba081-068c-4acb-a59a-894369bf6e6b,true,385.4315510208594
0af8a45c-47e4-4dd7-8a1c-cac90f7c1297,true,277.9838452396166
0b14a2f9-acbf-49c9-8404-92ad480fb233,true,4.447354527792874
0b38141f-9af3-442c-a1c5-efa6af6170a5,true,0.0
0b43041b-d735-4577-af6e-fb226c631b7b,true,184.24746348704554
0b80ef5b-6ca3-47b6-bc42-02d80c277b25,true,211.23765973032914
0bcfc4aa-d5b9-4f45-ae5e-4cf303e3cf0c,true,6.254636517891373
0c052093-fc99-4129-b986-a4cb7ca38135,true,500.4161108308157
0d3c06fe-f034-4a97-806f-37d001aef437,true,1320.4232648881787
0d610a63-b9da-442f-9043-b11fe8d02eca,true,2318.3852692984024
0d936322-c588-415b-b62a-7be3ab43163a,true,5506.585095241773
0db3600f-2b92-4a69-bdc5-c8cc1cc509e8,true,1541.0774393987642
0dd92e56-33f5-487b-ad23-177f899e1980,true,0.6206230349037323
0debd838-9fed-4333-967a-01cb5fe50562,true,277.2888856265175
0ec42583-9433-4f08-bf6b-2c1ce2f1d53d,true,395.6471847511294
0f226198-4f16-4f11-8fc1-30510ffb1d8b,true,386.91967332279563
0f9e82b6-6738-4ff6-92c5-ee1dbe9b5338,true,302.03615224622786
0fd1c328-4626-49e5-8fbf-ef1a55ea79d9,true,12777.88810675571
0fec9d3b-7195-4003-93e5-895ad7f6f51d,true,184.24746348704554
1022c883-8e4e-4e1f-8f03-4d697042f2ee,true,2947.9594157927286
10e0c0ba-4f19-474c-8a81-dd21789d0aa0,true,138.9919226198083
11f5bd0e-edca-45a7-a414-55c4b43487e4,true,0.0
11ff65c6-74e9-4bf1-af00-35c5c214ff75,true,2136.53358659578
120130f4-679c-4913-8ba5-bda0e771f784,true,7.757787936296654
1213cae5-7c37-4897-bddf-5613e8b10537,true,671.0486564896605
124e83ee-8485-470d-bf1f-24ac24b705b5,true,1085.5860548656722
12587602-f81a-4294-a970-57279d604e3d,true,0.0
12c87576-1544-4399-a6eb-4ac04cebaeef,true,694.9596130990415
13294d4d-b925-4298-bda6-ff6b86f061c3,true,27.79838452396166
140862a9-a645-4747-8694-c9b58692f116,true,22.497585015260295
14d16826-5030-4392-95bc-1eb367047b4d,true,98.49348489277268
15b2e296-23fc-48f9-93c1-57f34666653d,true,66.02116324440894
15cf2f64-d0bb-42c7-bd5a-f56e0a0321e4,true,0.0
1654a9ff-8aa3-45ff-9bd0-f748eb475d22,true,3939.7393957109075
17c5f9c0-1219-48bf-8f07-eec2ec1b130f,true,8374.872685853781
17e559f9-1e57-4970-8be4-e4fc349bf37b,true,482.9969311038338
184975c8-a6ad-41db-8bc4-18aa3822317e,true,8316.848069981626
190d87cf-199f-41d9-a8d2-574a15f8443c,true,118.19218187132722
1926f5b0-8522-43c5-b4db-8d0266861883,true,1658.2271713834098
1a06d390-2150-46f1-95f3-4ddfc520212a,true,125.24408363796002
1bdb2f53-1a39-4e73-9561-64f21198a47f,true,2626.4929304739385
1bf4cb39-80dd-47d3-90d3-aa8b69d8cf32,true,206.42758606756578
1c4cc25f-12c3-4076-8006-5c7c8d445761,true,65.36095161196485
1c546668-0b39-4537-99ee-026c1b746a89,true,168.2387121328374
1c5eaf60-2358-4b89-b9ef-2b2c27d73591,true,132.04232648881788
1cb40661-e107-4b88-a1fe-36a37ea440c0,true,269.58313078630874
1ce0e30d-762d-45bf-a72d-05b1e917d57f,true,69.49596130990415
1d0a087d-75b1-46df-8b21-09ab21357645,true,140.63446011572043
1d5909f2-634f-40fa-9f63-a5f24950c9b7,true,2048.8317939759463
1d7f81a1-01a1-4ff0-b08c-3c496b264763,true,24245.74329492661
1e0564a9-a3dd-4723-8233-b57a40f9f92f,true,276.79787356706464
1e43e219-b4c1-449f-b1ad-5bfdd52200a0,true,1473.0520444797105
1eab25d9-7de9-49a7-a497-ac196a834f8d,true,58.76426687416497
1ec3af79-fca6-4afb-9e8d-193e24af7afe,true,0.929793793705722
1f1d81fc-2e32-43f2-a64a-31186555d328,true,5547.857529572104
1f5eb063-fb12-4576-add3-f6b7414615bd,true,9.305326572158004
1f75a907-99f0-4386-8462-18385081efe8,true,0.7775522047094949
1fd44726-8d68-43ed-942f-697a5a9b729c,true,277.9838452396166
20633ac3-d468-4c68-bcb9-6c8fd66abde9,true,5422.359856188633
20665d97-de8e-45e7-af80-ad620dcbb543,true,6.206230349037323
20c850a5-8875-4cf0-b36f-5d8c544914a2,true,60.830011389497564
20eb9efb-42ad-47a5-a480-a0a180a9b6b6,true,327.4908372684692
21000e09-38d5-4917-a878-eee80a96e9d2,true,651.7583002859516
2122118b-2ff3-45d7-8d34-470dcb398de1,true,407.28386665557434
2137b714-f014-4ca2-a7c6-d7745422f4df,true,1916.1736202652735
216fa2d0-3ed6-4a6c-a9ee-b2e0478b42c0,true,328.89141955929665
222d7583-b0e8-4ef8-bbdd-18afd4d3ebfb,true,17373.990327476036
22c4d6ad-92cd-46bf-ad08-09a593ea3eb4,true,1954.497092670579
22ee5862-e464-453f-8d14-5bf188a738b0,true,16.834805441305736
23052063-f6f8-4b46-98ec-48e0f072acaa,true,0.0
23532ea2-8ab2-495b-9b2d-055b0fc9b1a2,true,325.82709332445944
235d918e-3137-4b0f-bb8b-1ba6c443a346,true,17835.39
2370cc39-025f-48da-929a-b0459d8dd167,true,4.829969311038338
23f69282-1015-43ef-8b73-1bbff820cabf,true,3283.116163092423
23fa907e-0020-4542-985a-a5f85a29ed15,true,914.1777304131977
243946f9-69aa-40e4-96c8-bfe6e61f1f09,true,628.3808228400289
248347b3-901e-4233-9eff-2d7d4375cda2,true,121.57563149947
24f0e3c4-e4b0-4015-8889-dcc374913bbd,true,932.7576325206282
25228ab6-3e84-4358-8154-2bdc067cb6ce,true,132.04232648881788
253db738-0ddf-4de5-8ff6-7903b4281122,true,566.1245746512483
26824870-c286-4733-bb30-2074d77bb5eb,true,4671.8800249028245
26afc9b0-320e-45c6-9897-3e5fa2122cec,true,479.17080400333913
26dbb787-c388-4a7c-9325-75c137161a26,true,269.58313078630874
26de7f79-3bc0-4fd4-a64c-3ceb59e6d614,true,660.2116324440893
26e45efa-cb70-4084-8390-41a380244bd7,true,175.79307514465054
26f681bb-8d8c-4fb1-9ab7-dc6fb99aa975,true,3093.799823394264
27666d94-ceae-4b46-810b-b74536548300,true,3151.791516568726
277e6d84-9e70-4d68-89d6-a67a4aea4337,true,286.8364511566325
27eb3efb-5ec2-4909-80ec-8e1a0b52d6a6,true,1151.2557297464234
28fbcd27-5c0f-4f8f-87c9-9e7a6035e082,true,187.62985902727087
29bd21fd-e932-46cb-b4ea-e94246781bf7,true,64.97615862523112
29d0f65c-2371-4fe2-9fb3-a02469b1cb1e,true,0.0
29d661b5-b2c7-4fe9-93ec-ced1bf99c3bd,true,596.9617816980275
2a0de797-85ac-4d3c-affb-0e20e7ecbde3,true,1738.7889519738017
2a7b5b14-013d-4fd3-8569-eaade0c7da8e,true,190.06580443926802
2b31512c-b58e-49b7-8475-87fe3351495d,true,8.339515357188498
2b92a6fd-69a7-4ab8-89b5-f3a246bfb33c,true,5.003709214313099
2b989f8e-48ef-49cf-be20-81298ab52381,true,1645.8922885646982
2c0a81c8-39f2-4090-aa52-6d74e7bd7dcd,true,186.45843304889007
2cad18e4-a75b-4e5b-8ee1-0a1d0148438f,true,2426.2481770767786
2cc065f7-284e-441b-a0b3-42f121461b7f,true,173.83375668847646
2da0ff92-2503-4172-8212-126c6d6c2e20,true,4612.739576260899
2e78d9d4-062b-4338-b25a-942708189d7e,true,96.59938622076676
2f4683c5-3906-4016-8467-24fb2371f683,true,212.8497648112725
2fa41daf-443f-48dc-ac75-4c055236f2e2,true,89.30075963611391
2fba9fd5-f170-4c77-8a7c-f1816b812054,true,10.783325231452348
2fe2bdca-825c-4e7f-a3d5-dfa9f4a04d6a,true,1439.0696621830293
300aca24-d43e-4639-9730-8bf162ae3dc7,true,2626.4929304739385
301e5eb4-7c64-47f9-8a3f-033b3be799fa,true,58.11993426487326
308729df-84e7-4836-8398-141f7fc3eeec,true,7809.062698311647
3089ec3f-85fc-4478-9e20-005e8bfe2f8e,true,696.3390451619877
30a95aba-ee75-4641-9168-f0780cf1d02e,true,1667.9030714376995
30f63539-d5b8-4db9-bb2d-ad4173010ffd,true,2318.3852692984024
313e878e-e9d4-4df7-a53e-a6b84a8baa5f,true,138.29696300670923
317059c1-97e4-416b-845e-960ad8324c4e,true,0.0
31a6a803-29c8-4c41-a8d8-09a6225d3b5a,true,48.66400911159805
3238e9d4-1570-42a8-ac98-456163e7a2e2,true,19319.87724415335
326a7f0b-deac-4eca-a464-0b052ad07e16,true,1240.4648795618614
329ec22e-1975-49f5-a4a8-23cb12d17a44,true,1799.18617818592
3378c73b-97f0-4961-8626-abd6eb0d5b16,true,517.0488081662357
33cab087-6bd7-49ca-918b-37a054c8f666,true,10860.903110815316
34da6d8d-271c-4588-85c3-455563af5440,true,3169.2576087722437
34ebae77-9078-4d90-a718-28d55d5759e9,true,1179.1837663170913
358f1c6e-6955-4b40-bfc3-9c0ac7803530,true,4563.531466698468
3591b1ec-4a60-4f5b-8c2e-7074dd39458c,true,8754.576915770134
35d4341e-2c49-4220-a21f-92f07634dcbb,true,2654.8141446105897
36247b05-c521-41ac-b4d5-b9fda8f7763d,true,1584.5079178658145
365b3df7-03d2-4730-897d-e37025b7fe0f,true,2155.3077282387344
36720ad8-eed1-43cf-974b-f12348972072,true,66.02116324440894
36a959e1-3997-404a-a6d3-ca08afd3a838,true,84.55371583140162
36c999d2-09d4-4e3c-bdf9-58bf8c682db7,true,17442.980787716988
36cab5f3-df13-4469-bec1-1bc55fa9ce2c,true,2252.892791810931
36fa3924-bbc9-43a5-9318-0c7e5f07060b,true,300.91660383890525
3717270a-0d12-4c88-a0f9-0d8974d85896,true,98.67906254969344
37885518-3891-472d-bb50-62ff61e3f1d0,true,152.0526435514144
380fa5aa-09c9-455c-bcfe-33b7d68655a6,true,1613.619890749704
38c2ccc2-651e-4516-958f-41794abb0397,true,4.419943139309903
38d4aa85-c527-478b-a144-e3a895614da5,true,7354.180205327028
390860c9-caec-42a0-b01a-d3aeefa40ec1,true,139.64018285333978
39222afb-d294-4e16-b942-98e7c90e65ca,true,0.0
39453265-3a03-473a-9beb-8c8a7e2a420d,true,328.69747486088926
3a3af883-0bf3-4b3f-a095-24cc62aa3011,true,13204.232648881787
3a5874e4-9967-4fc4-935d-d92b1e70cac1,true,2876.5903363625125
3a85af26-fcc9-422b-8f7e-696e103d4ef9,true,10.424394196485622
3ab1b4ca-1553-4705-af0b-ff9c019f4d28,true,30.21658401187547
3abf3f0f-007c-4ce1-96fc-c4b0af24d0fa,true,0.0
3b73b406-a991-45c1-86ff-59df263454c9,true,58.176490986145026
3b988296-517b-4898-ba37-bdfe4a95939b,true,0.0
3bd4d04e-51b9-441b-a39d-1635e05038bd,true,33.01058162220447
3c06cfe4-1c87-4bad-a134-adeaf7e21e4f,true,0.0
3c919580-2f4a-4c8b-b92c-cd313ef08016,true,1400.280722501546
3cdc3679-1aa5-4eda-8aeb-faf76b386512,true,567.7796235949112
3d89ac46-4924-4a48-b0c6-222efa5aff55,true,166.78474746686516
3e4a22b1-4624-428e-b6bc-a721ac8368c6,true,0.0
3e578da3-f8be-4f08-a3cf-c68edc40acfa,true,1780.6042149031737
3e5d0b1f-cdbf-40cd-9c13-fd225ccf6089,true,43.024347437700804
3ee9c8dd-a272-40c8-bcbc-cce784d2eff9,true,1189.268890634277
3efafb59-7b94-4bb5-a5da-cf2e8f5fc7df,true,1209.8890909689535
3f15a39c-30d9-498f-9dfe-844d982c873a,true,0.0
3f3bf096-0f43-443a-8b65-b97b75336648,true,0.0
3f650b1f-646a-4dbc-a91e-1fdc20d8af0a,true,27.928036570667956
3fa28475-3141-4e07-b9b4-00bbec5900a2,true,413.6390465329886
3fb6b0dc-92f2-435b-9ef0-17752fedc14b,true,829.7768765602583
3fb8fc0e-0536-47f6-9647-49baf9d2bfe9,true,0.0
400692e8-6d75-41e8-9035-979794ecb699,true,48.29969311038338
407fed38-a1fd-4d06-81be-381432d76fc1,true,244.35237445106424
40c86952-86d6-4349-acb3-1f7ab0c27681,true,3118.9603549378016
40e1d3bc-0006-4901-a393-65dcce3346e3,true,0.0
4122049f-4109-4c89-aed1-5edf015675c3,true,12897.322444093188
412fee2a-3895-4bfc-b3a0-1647a15aa62e,true,275.78175769976355
419c7377-9383-4d2f-8f6b-3fcd34f81f16,true,3763.4934104170393
41b40113-7dfc-4b7a-9b8b-b17f22a1f582,true,1388.6440405971011
41be9981-afc2-4873-ac5f-b3568eea9520,true,799.3624689560072
41c41ba6-690f-4b99-bb29-76587417c976,true,65.66232326184846
41cd9217-bb51-482b-a624-0eb91e3976b1,true,965.9938622076676
41e19bbf-f4ac-4d42-8bc4-9ad9edfbff60,true,2859.737851381163
4216c0f9-7399-4793-9af3-82c03a89bb49,true,637.4962236651776
42a0bc71-8a6a-4beb-9370-2a6eb59635f5,true,100.19526691036802
42dbc113-df4a-4cdf-a5d5-ea716152f73d,true,8.06809945374852
436dbcab-e656-4c2d-997b-d0f9653585b3,true,6576.052798578229
44602933-0f2d-4041-9731-23238537b69d,true,13576.128888519144
4475a709-f6f3-43c3-af31-f894fec01e2c,true,870.4238064524845
44ab6368-4564-4c53-865d-acf980ffe454,true,52.529858609478765
459fdeab-942e-44fd-a133-693d413e3858,true,4596.3626283293925
45bc2510-aa81-4856-94c6-d16b9fca8371,true,3126.085984598036
45f57b90-b1dd-4100-b98b-29def2d88046,true,696.3390451619877
46866c34-0400-4c37-84ea-d662697a7908,true,2600.9380458263067
46ef0c6e-3f7b-4acf-81ad-55206867a5d2,true,22.342429256534363
4722e6d7-62e9-453a-b2f7-37b7b6655c78,true,171.45487118009234
47ae9327-3439-4c6f-aeb0-70585ad1315e,true,13048.745481780541
48461b63-11c8-4708-ba39-d3b9428dab3f,true,3898.5865232497495
4870f0d2-08ca-4478-968e-6cc410beeae1,true,161.74987847178522
48b770d6-580e-4a1c-afb6-e69633d29413,true,579.5963173246006
49e86031-415c-43c1-af5a-7922c9bbcba0,true,111.19353809584663
4a35be46-e1ae-46de-a5f9-c4d1ce09394e,true,5559.676904792332
4a3e944f-4f19-4bcb-8c26-34ea1f15fb9a,true,123.3488281871168
4a68bf52-94a2-4410-bb06-dc4625b4331b,true,69.49596130990415
4ab65580-69af-40fd-982b-a34a078c163b,true,2327.3363808889962
4ac35cef-aa3d-4187-ba63-8cc398a3761e,true,8117.391543268657
4acaa0cf-af88-4584-8045-5469d7660c63,true,17.574245146989767
4b377190-0882-423a-b72c-1f51001111d5,true,107.83325231452349
4b39e8d4-e9a5-42e1-8b69-6a09308f1423,true,1931.9877244153352
4c42f0b1-e289-40c1-abdb-7132e6994612,true,11425.891737529673
4c73e9f0-e17e-46b6-ae01-f01c4f3a92f7,true,96.59938622076676
4d61c218-30dc-413d-b70f-c25fb4a14758,true,196.03930115021646
4d883ac9-20a3-47f6-88ae-c12c742370eb,true,1085.5860548656722
4dbf871d-4264-4a42-b846-4db89dff7a29,true,718.6978433510676
4dc2b9cc-78b5-4392-bd1c-4f06c6a8bc8f,true,155.15575872593308
4ed14b0d-c8cd-4a39-a6e6-1c66d7d6366a,true,69.08458304604723
4eed1789-5a09-452e-ab6a-ce85ba64da34,true,24149.84655519169
4f5cba12-bbb1-4f6b-a226-31fa07b36161,true,2000.3068304344108
5008168c-ecdd-4177-b3eb-5fb5e473c608,true,327.4908372684692
50099f19-aba6-4364-b2b2-c8e8a848fe02,true,9.90317448666134
50962be5-646a-4d6e-a677-193f9093666e,true,69.49596130990415
50a08113-6b69-4af9-9d74-543ecc2684ff,true,0.0
50f94174-e55b-47d2-98e9-8edb20837337,true,2057.3653607058727
511cd217-c14b-4e45-900d-959d2e81c266,true,111.19353809584663
5125c822-8c6f-41c8-acbe-16371f11f199,true,33.01058162220447
515e022f-57b0-4b84-847e-cab492b85dc4,true,68.8010016968051
51fb3e7c-801a-4e6e-8c59-f48fc6c7d6a1,true,5419.035267317152
52022596-b238-4c3c-9c00-5a867d6819ac,true,0.0
529f8be2-68cf-4571-bbc0-d723047511a4,true,69.49596130990415
52bbf5de-8e9b-43c9-bae9-9ab3ad5be30c,true,7003.661532616107
52f47e2e-1979-4083-9e54-3332ac81f366,true,1319.211838567246
5319e020-7306-421e-8196-ac3b5009ffcf,true,232.73363808889962
5458ae34-f8b0-4996-96c8-f9adf5843291,true,372.3738209422394
5461327a-5f6a-4b8b-8df7-e0f71e2d518e,true,5391.662615726174
551ee181-4486-44ed-b242-1aca2749b564,true,93.09345523555984
559bff2e-5960-407a-ac21-c9ed26d75bf4,true,345.99734195883076
55a980a5-6fb6-428b-ad50-3b5a5f92504d,true,4366.544496912922
566dacb0-10be-4624-adff-d0c6a5bb9e2b,true,1539.7468721009961
57c8b8b1-2cd3-4e0a-84fc-0b28b4221de1,true,0.0
5896a376-a640-4f02-a875-3a4eca64498e,true,5723.83385004395
589f35f7-630b-44c8-a88c-90bf7fd6070e,true,26.531634742134557
5958de2d-8675-4037-9c29-8e674fe1bad3,true,899.1276218167822
5ab2c7e0-bac1-49e5-adab-5fb1e9ab915b,true,289.78849872367823
5ae6fca4-cbf6-46a5-8b38-3ad9f8c39f22,true,873.4493437476402
5ca62e75-5d8a-4d86-a195-7e2eab1e43f8,true,0.0
5cd96fbd-ab06-426f-844b-bff33a46d199,true,196.27203478830535
5cea18f8-8338-4b53-a71b-b57704f9e840,true,1142.7221630164972
5d3ce9b5-ee12-4450-ad4e-7a959aee722d,true,732.1877832156144
5e9c826b-f6b2-493e-a4bc-390feb4529c7,true,10424.394196485622
5fa59f7b-5473-46f7-8da3-9017bf08ad97,true,3595.7379204531408
605b6647-a2da-497d-8823-0aeb76fe0120,true,1013.8032430911194
60a27a1b-8929-4439-860b-e50dd4f3b8f0,true,69.49596130990415
61118d17-07e5-41dd-8632-0aed9ed7f866,true,0.0
62344fab-b6cf-4714-a83c-7e57e7a125cc,true,85.98140100535716
62f5521c-2aab-467f-8beb-70691dc98b27,true,8220.065998222786
632932b2-0b7e-40ff-9eed-c4d474ba28e1,true,549.9495868040698
643a4f2c-2cf4-4c55-b76e-e2e8b7e46e6f,true,1111.9353809584663
647eadda-0580-4166-bff1-890577c75a7a,true,57.78851082002269
64a38caa-cf67-48c3-adb8-49e02d9f5bf9,true,0.0
64b7d92d-97a6-4dd5-ac90-5a0d80aa0ae9,true,110.54847809222731
64dd772f-21c9-4358-ae2f-e56e1c107000,true,157.01762783064427
64fc9554-80ba-4c90-b89c-b242fd497551,true,1861.869104711197
6502acba-df21-48c0-b156-39faa1354c0e,true,1367.116179073878
653b9259-7660-425f-88df-ce81b8087556,true,0.7757787936296654
6553c2c9-adfc-41c7-bd97-39ab27aed301,true,0.0
655c1bd2-f0cb-4095-a0dd-07145bbed2c2,true,1439.0696621830293
661c6e81-8f06-4aeb-93c9-00d8e3845ec0,true,147.74022733915902
6661c486-f6c0-40f4-a6cc-52e4f57687c0,true,637.4962236651776
66940ff2-a850-4d42-b654-079b4ef52fb7,true,671.0486564896605
66f67fea-d3dc-4d27-a2db-489139e5333d,true,4140.947002074269
671e2d50-219c-4b40-add0-e349778aa933,true,34.74798065495207
6733c8db-1381-465d-8a5f-5f53e2e96742,true,1584.5079178658145
67504a1d-01ae-4b76-8ea0-2a0b2e3c7c4c,true,14.489907933115013
67ea06c8-2b48-4aff-9eb8-9d579fec4b2c,true,48.29969311038338
68dc2b87-2dec-4ce5-9652-f369da191173,true,136.90594400095404
6949d551-ad6f-4321-8b3e-6f6ead805289,true,1.078332523145235
6960e518-d942-4007-98f6-7aefcdd36c1b,true,16570.831748331137
6a21ca11-c219-498b-ad77-647c77f3c8e3,true,4358.89158113081
6af564ce-96e9-47cc-9490-334de0dd9108,true,17.998068012208236
6b69893b-7289-4af0-97ae-18f3aa961776,true,165.0857272843928
6b7578d8-b626-4bb7-9e74-567fe1489fd4,true,3878.893968148327
6ba103e0-e448-420b-8f13-e3ef8efeac71,true,826.9026161298603
6bca8fcf-e62c-409d-90bb-36fc02255353,true,206.357159105491
6bd4e833-8f6e-4fcc-802e-27898b4b9280,true,186.45843304889007
6c4c5645-7d1b-4702-a6b5-72860ab184bb,true,2859.737851381163
6c614c14-3e19-4cdf-8818-b0b247eb234c,true,269.58313078630874
6ce185b6-1642-4498-956c-f99a45cd2731,true,1142.7221630164972
6d102593-11ca-4954-8506-57e10da68120,true,10.08512431718565
6ea7c007-b484-458f-bf55-a7bdfff284c8,true,3118.8692185997998
6f49362a-fb82-43f1-a412-2587b4b61b7d,true,44.21163344895463
6f5ffd2c-31fc-444b-9f26-76d2fd3f71f5,true,174.08927625676444
6f669734-41d3-4ed8-909a-9fb2222a34d0,true,480.9363053227748
703031ad-a0ec-4c4e-9480-082718785853,true,5252.985860947877
7135e7fb-52a9-4594-b7cc-6d89ec3573c0,true,536.8389251917284
71441f98-ebd4-4590-9de7-41a8b80ddb10,true,27.037071332225764
72006083-1b55-4862-ae45-7b445f82c7fa,true,0.0
72074fee-8f1c-43b2-849d-d2e1c8ea1249,true,353.7551298951274
72da8ea7-9e18-4f2a-bcad-3e2f06b9a83f,true,8.840060243550104
72f0601d-e78c-4586-91cb-faeac39bac00,true,13899.192261980828
731150ec-c451-4340-9b23-d8019935ece1,true,12.939990277742819
73629fe2-507b-4c41-8b7f-7120f782a49e,true,3301.058162220447
738dd8b8-d118-4780-89bc-5d960f2f6a90,true,1588.383806592931
73be99c1-bc5f-4ef0-a41b-f07f1e1ae714,true,138.9919226198083
74053f7e-aad6-4d61-95f2-1187750f2f8b,true,351.2479150013043
746870d8-d6f0-43ad-8be2-4a66bf274ed5,true,2017.02486343713
76ca3021-f39d-49ac-b460-87dcae163e5b,true,14.018322800888054
76d97ca7-9e11-4565-9897-42c01e5f753f,true,1151.2557297464234
76e0efa6-f492-4ee0-bdc8-42c0883db838,true,224.0523840118658
7743f1ec-1283-49eb-a534-3d061fe9a3e7,true,3474.798065495207
77b26bd9-860e-4126-8434-dd22c781911c,true,275.78175769976355
77d86795-54dc-4bb0-b4d8-9b8d4985395b,true,1653.083757981645
7854b4ff-b373-4e82-b56c-7e53b53ef62f,true,72.64991783109157
785f11c2-dd10-47fe-bf32-4f53df8510ae,true,9903.17448666134
78a0bc70-f86b-4ec3-8b98-6acdba6d728d,true,0.6689163983494403
798601e0-becf-4477-aa16-476ae44ae435,true,521.4066402287613
79e3f54a-8f98-4f0a-893b-fd683b30e261,true,12831.21
7aac5df9-2768-4f12-9339-e90165ec41ef,true,596.9617816980275
7b5cbbb9-f349-48fd-b8d6-9c96e2a61312,true,93.56881064813405
7bd99dd9-f1ed-491a-b516-101b8bb009e0,true,51.980926900184905
7beb4eb6-e040-4161-b8f5-dbae2b5d3691,true,1209.8890909689535
7cf932e7-1881-49d6-b908-7b0b823ae0cc,true,49.48569842034944
7cff0b95-f098-4386-97fa-ab6bc5e1fa30,true,1320.4232648881787
7d8cc355-42d1-46d0-928b-c285e2485949,true,1067.1613085169677
7e66c750-f2ec-4757-8b0a-2a68cbc3dc66,true,32.106522207018095
7ef4a028-f892-4c46-b285-0cbf6840fbe9,true,3677.090102663514
7f9165f0-1510-47b3-add9-cddfba2adc41,true,1296.6289449271546
7fa3ebd8-d363-4552-843f-78a7425b9481,true,4820.070610563327
7fbbf183-d3eb-4615-b22c-519a42115c65,true,0.7757787936296654
7fcb8ecf-4908-4288-a98f-7c3c2a35b659,true,2114.4675051975187
7fee73a7-dc20-4863-8c2b-f8140a371730,true,8.693944759869009
802035d2-68e9-42f2-bd63-da4ec4b7e86c,true,95.63339235855909
80280694-2b90-4bb3-b66b-87a66b125636,true,0.0
8038adcf-1936-4f7e-81e3-a418901bfe08,true,4313.33009258094
81181bba-3c4f-4ba5-8d16-b63dbd341577,true,77.57787936296654
8124b985-e54a-433f-9220-bf2cf4f8b025,true,111.19353809584663
8151dc46-bece-417e-96ed-38d6a5b99e5a,true,3103.1151745186617
8275c077-1be4-4b6e-b096-be92621f9276,true,1835.1823142103365
82b2af18-9327-45ed-a977-528d378392e5,true,24.631978487805238
82caac6f-1dab-449a-8dc7-ee0601442310,true,21.372705764497283
8332f6a7-c94b-40fb-a95f-5a258986d3d2,true,14489.907933115013
8335d25f-d21b-491f-8aa9-bc27fa91b550,true,155.15575872593308
835d285e-d049-496c-a073-cb0b35d79f1b,true,96.59938622076676
83a4eaf9-5626-4d90-9411-63eada046f42,true,1777.6195277230154
83c0ce28-7248-46af-a27a-c3101f5d9490,true,0.0
84134626-c77a-42c6-9c3d-9a8bb90a66ce,true,9.309345523555985
84640860-480a-4d53-8620-71ff68ed2d49,true,62.379207098756034
85470f27-8f37-47aa-884c-5eb10c4ec65d,true,9321.703229265147
85b7ba29-e041-49f3-9360-2a1b2dbed44a,true,3118.9603549378016
85c4b22c-0a3e-469f-a141-e0c5afc0462d,true,180.56251421730462
865b5a4b-e706-478e-bd5c-1a5ec77fc606,true,114.98329246488886
86ed3d7f-8679-46bb-9739-5d95347ede2f,true,0.0
871b9df0-fe9b-47d8-ace5-7c97556bf4a2,true,1931.9877244153352
87411b1d-ff52-495f-b823-e99aaa11c638,true,55.59676904792332
874adb34-0e36-4226-a0a4-dc4d097fc1a5,true,189.29002564563837
87ded7ee-175a-4ced-8425-e8785031b318,true,18.499205417883964
87e7e9d5-1219-4042-a4c1-8c21352f496f,true,1550.5810994523267
87f39b84-e436-432f-8ffc-e98174767d56,true,120.74923277595845
881af5b1-8ec6-489d-8d68-2e1a2e0c2d37,true,3742.7524259253623
8890896b-d7af-4881-a86b-bd79ea80217e,true,0.0
88c4490b-4f5f-438a-a257-ece66e1967e3,true,62.06230349037323
894ba221-d5a1-4998-ad41-ff4530744077,true,905.9440373974726
8a95acb4-2fb3-4948-87e8-f83d62d17c8a,true,33.796339165282205
8b3f0e9e-d3ee-445c-bc3a-c546f9ebd50a,true,0.0
8c7cbd9f-15b2-4d2c-94e9-4fc3f5a7850f,true,555.9676904792332
8c968a57-552b-45ef-a25c-cba8c20ba8e8,true,25.71389553085871
8d398e48-184d-406d-9ebf-4dd8a59b733f,true,0.6206230349037323
8dfaf3be-57d6-471b-9687-94be82b29b5b,true,46.97691143974227
8e05eb03-21b8-4a54-b29f-35f970c1fb63,true,2482.4921396149293
8e0a6b5f-9bb7-45ce-b9f2-2ab7589ee794,true,276.79787356706464
8e1e094a-3c11-40a6-bf50-b33af375b59a,true,110.6375704053674
8e83fa42-5951-42de-a0f9-1a673fe9301c,true,0.0
8f23471a-0a32-49c5-85ad-6946095cb409,true,198.05688761690237
8fd6319f-80d3-4ec5-a3d4-0e12f803d486,true,344.7271971247044
908834ee-717b-49b7-a203-dd0be152be93,true,326.7796394790856
90d81238-bca9-4ac3-b51b-e2c12b0bbff1,true,1188.380938399361
91814c32-7731-4a8e-8de2-dd8be83635fa,true,193.94469840741635
91bb84cd-1fb6-47f4-b4ed-14b27d1e6fbf,true,2057.3653607058727
91f869c9-192f-4710-b034-b2d4166b297e,true,999.2030861950091
9271ca14-60e5-4f6f-8fbe-d0e0f73fae67,true,184.24746348704554
92b12e44-4811-40d9-9d03-750175aefa2e,true,55.59676904792332
93cf7d84-f01e-4f73-85e9-e69019cc90c9,true,0.0
93efc3c7-4afe-456d-a40a-ba7beddc40a6,true,0.0
93f0dae3-2eb9-4b9a-a37f-087719aa5f5d,true,7.444261257726403
9403fbc1-7625-4104-841a-8f70fff461ba,true,1000.7418428626197
942e0595-fa50-4a07-8e5b-b826f9c1af6c,true,12189.65
94d5e9b7-3fe2-43a6-ad98-eb7fbe0fc304,true,107.98840807324942
94f8b4a5-828c-413b-a1b7-0346c79cdca8,true,6388.944053377855
95429667-a1be-4803-98fe-a36764570f5e,true,0.0
95c84440-3f2d-4a43-b026-13f1f277a0a0,true,0.0
9674781e-7738-48bd-8b64-207b10acb0fd,true,44.21163344895463
96d7c084-5112-49c1-80d7-a402addff38c,true,7301.650346717549
97b85073-eeab-4a31-85ae-a7867fd41f3c,true,15224.833203408396
97ea7133-14aa-4e9c-839e-fe8357af80aa,true,0.9719402558868686
993f4ccc-7f10-4d3e-9c78-15f45c1751ff,true,13899.192261980828
99ccbce6-5588-467c-8314-11a1e9eb475c,true,1389.919226198083
99e3382a-895f-48e6-8dfb-698bf59acd50,true,536.8389251917284
9a21be98-e591-4225-96a3-00a3eda2c478,true,82.52645405551117
9a2df78c-6c53-4aeb-a32e-a811af30c64d,true,0.9233432430925252
9aa8475a-752a-4571-b13d-6544a6ef10c3,true,63.51
9b264472-f27a-4928-805f-459691a0f9c7,true,5476.2377600381615
9b557934-3303-40a9-8814-e77313afbaf3,true,16505.290811102233
9cc337bf-eac6-42e2-bcaa-a3d97db24a2a,true,102.18314519304553
9cd19ff5-78a2-4951-b0bb-8978a89ad83b,true,328.69747486088926
9ce4bf40-8b3a-48a9-b97e-7534a5a97867,true,0.0
9d06d10f-d324-41a9-99ca-395c6667c78c,true,415.81743338550064
9d191c15-53ba-43ca-aeca-89b05143e030,true,138.9919226198083
9de64159-7992-419e-b452-d2babd619ce3,true,1584.5079178658145
9e002b84-62e1-43ba-be0a-cd29cbe77ea6,true,3.3010581622204467
9e3fbd51-2bf7-481f-848b-272525e6ca81,true,221.83110850121403
9e477fdd-96e3-4940-9b3a-de36a4e04eb3,true,6370.948250217187
9ecead75-b835-4245-b0c4-ab3093d1e3b9,true,375.8648255135729
9edbcc68-11c7-48f2-8a01-a1a6cef0a970,true,31.271643171211814
9f2e99da-ded5-4829-951d-22c161ff047f,true,253.40345586434128
9f36ca0a-b7d7-42d3-b252-645c6b536952,true,34.41947795016065
9fd69a8c-9aa6-4ab0-892b-565892f84943,true,491.1963677579239
a0459f5d-fa1d-4e3c-8bdc-41f96b3f6c31,true,69.01742193953699
a2219506-9e3e-45bd-aca3-0b1b0b8f452b,true,55.59676904792332
a280572b-4f98-418a-9142-4270df39c9a2,true,8762.49393001922
a32f971c-f90e-4ecf-9050-c37c2bc7971a,true,440.28850456429296
a42f9d30-1e66-4f30-a1db-a99644fdb772,true,914.1777304131977
a53a34a3-322a-4218-8961-0267f2304843,true,0.0
a5513f78-5ccb-4d82-ad2a-59bda2d036a1,true,69.49596130990415
a600537b-55f5-43ff-b9bb-f33a29d3d0cf,true,1496.9427601878024
a611ffc7-27f2-4835-a01a-1537584670f6,true,10953.117412524025
a62734ed-3d6f-4b28-91fa-06183b124ac7,true,66.02116324440894
a6384948-d424-4b12-844d-42f1013c1f6e,true,4563.531466698468
a770061d-5a26-4d22-89c3-11028b40f2d1,true,106.04465206788527
a898a04b-7f9f-454d-a761-ed03b37663ed,true,1232.8619515190114
a91f655a-cfa3-4b04-9682-d2fb3499c583,true,66.02116324440894
a921e0f1-c008-4aa1-be53-ba912c01eab0,true,66.02116324440894
a9285c26-230e-48d0-a851-1679ebfb2f2c,true,0.0
a932fc07-b95b-4a68-b919-b2154edd21c5,true,66.02116324440894
a941f0f2-4d80-4242-b257-76ac56e385e2,true,3684.9492697409105
a9a91209-f8ff-45fb-b108-a6beb2bf9961,true,0.7369898539481822
a9fe3585-a810-479b-819e-345200b52e71,true,31.80693053881628
aa26401b-18bc-49ed-aca1-1a8bd3686b21,true,2803.664560177611
aa31cf1e-8a17-4560-be42-33ab710d2223,true,121.34248491674157
aa3b96a0-43d7-4b8e-8cbf-fbcd830092d5,true,0.0
aaf864ff-1e71-43cf-b3ee-aed48ef75696,true,155.16006986774792
ab6d4427-a5c5-4d86-adea-5fa405d74963,true,316.7543198304266
ab7abe61-40d0-44b4-919c-e41c5c6dca78,true,228.1765733349234
ab8e0847-db05-4247-97c5-b55ba102a54d,true,347.47980654952073
abcb0fde-0124-4cb7-b645-e4168a3cf72b,true,2225.755268628967
abf7ae73-336f-476d-8939-38569ebd6b30,true,0.0
aca9bcc4-6792-416a-b209-844c79c0b876,true,61.72735069396957
acb05cba-c967-4462-903f-22ef01a7dc5c,true,151.9695393743375
ad592f69-39c5-4600-b9e5-1b91f7d2bfd8,true,1745.5022856667472
add9b885-13ff-42d7-86f6-5d84b7938abd,true,4998.075709429866
ae0e7442-a82b-4e3b-af77-e6170d9eec7b,true,27.79838452396166
ae6659bf-49d1-473b-867d-a84de929531f,true,0.0
b01e407a-745c-409b-ac2c-1c8fc90629a0,true,4829.969311038338
b063fbe6-8dd3-47d5-9ba3-4afffe5d5f16,true,5.281233501754039
b07040b0-fcc1-4941-a04d-171af8d8e25a,true,722.4827905073074
b16b09c6-2ecc-4acf-bb47-15d07d0a1eeb,true,316.51774780090346
b18cdebe-6f46-42d3-a046-eeaf0820f964,true,131.3246465236969
b1e8413b-f59f-49fc-91f6-a5cb8ecc4ebc,true,18137.756219674953
b1ebe181-242c-42be-955c-5d5b0ab74421,true,2779.838452396166
b22aab41-b3a3-4f84-abf2-8c5e2323bcb9,true,719.3020974534257
b2a5d745-3fc1-4ce8-9060-e6d2ff5fee0c,true,134.9855100915618
b361792e-6394-4f56-8938-b488a517bcbb,true,4990.336567900483
b3a1b334-6f37-4525-95ea-afed87c85c0a,true,6706.261316018092
b3c7a851-7de8-4634-9b8e-01f92cc5d4f7,true,0.0
b405ef49-0709-4269-bfed-5dbc5e8a7403,true,269.58313078630874
b4208bcc-accf-40b6-acbe-e932e94982d4,true,3103.1151745186617
b45c6fb5-11e2-4553-915b-ee3adb512f7f,true,55.04080135744408
b4ed335e-af1f-4ca3-9064-d663a6249965,true,0.0
b568cefb-b00c-4e4e-923b-b854b9a429cb,true,30.21658401187547
b5ae6e5d-91ff-4bbd-ba76-034ecaeb5c69,true,18870.819155041612
b5ca2156-8c74-43d9-bad5-fdc54454fb0c,true,269.58313078630874
b5cb3ead-68ca-4131-83c2-20efcc90b663,true,345.99734195883076
b5e20e4b-b86c-4727-83dd-45b6b8090b0e,true,2000.3068304344108
b63ce32a-4267-40f3-859f-f776a5284fea,true,66.02116324440894
b6dcf745-8fce-4b97-8efe-428355f9c19c,true,1.078332523145235
b6e8977a-29d9-4fa8-a00a-8a3d6de92460,true,96.59938622076676
b77e12e0-62bd-47a7-8cb8-fe7e49a56958,true,5.941904691996804
b79241c6-e24a-4cd4-aeff-46564abd8e38,true,100.98338578521728
b79b2dc1-be4a-4148-8c6d-d510926c983f,true,12.934403935299626
b7a48154-276f-4ebd-ba24-dc4dbd61fe42,true,1871.178450234753
b7c64623-62d4-4fd7-8ab3-c56a5b15964c,true,0.0
b7d0c29e-2ea6-4b9f-9f6f-4251aa28e8c5,true,217.29219586059557
b8415e04-b6ba-44fc-8ede-2351421cd542,true,0.0
b86ffdd0-406f-40ef-b061-91b010840ec9,true,184.24746348704554
b88187b3-a8fa-40ef-bfef-9a0e3da1987f,true,5365.009052814473
b9629f8f-8c6b-4e1c-ad67-7dbdcce6f9a7,true,6025.0882632041585
b97002cf-c57e-4ce4-b964-6c156abecbcd,true,1111.9353809584663
b9ce0854-3157-42bc-af8e-3eb4c5793617,true,7933.7686316865265
ba067fd7-32e8-4553-99ed-124500789aa4,true,333.5806142875399
ba3b79a6-c10b-43ae-b933-b90b01909a5f,true,72.72061373268129
ba491fda-da0b-40b9-bf1e-afcdb611696e,true,25.445544431053026
bab78809-2f28-47d1-8020-3871a9e077f3,true,1367.116179073878
bae7a276-a4a0-4354-aee2-701161a353bd,true,7.447476418844788
bb41d154-3c12-414c-9fbf-90af32556fc1,true,853.7290468135742
bb99978b-9400-4e13-b3cb-d610b5167553,true,1396.4018285333977
bc0753e5-83ea-4efa-bd2d-eef5bfa4237e,true,619.1703852716539
bc3e0c2c-f6e4-4423-a8c6-e3a38c3721d3,true,1334.3224571501596
bcbd5282-b97b-4a92-822b-3c105621324a,true,1588.383806592931
bed41beb-7e36-44ff-944e-291ab3c49128,true,118.98187945606202
c06d116d-8ea0-4013-b622-5b6701b05cd6,true,0.0
c075e490-1477-49b1-9e5b-7dae14e570c1,true,2.7798384523961657
c09d2e80-019b-4001-968a-db87a6b1d7cb,true,8339.515357188497
c0bf9699-e636-4b0d-8321-9a23e9b5ba7b,true,949.2429318852586
c0c2d48e-254b-4379-b04d-3cbaab17c957,true,61.857123025436806
c10f7ab7-9e7a-4c8b-8950-8dfb13639998,true,6058.859297771825
c1447ada-7fe9-4e8b-ab75-5f080b3b0a31,true,96.59938622076676
c19731c2-ff63-4b40-9a0e-fd663e318926,true,192.23277857932584
c1e1e889-b342-4934-8613-35a41c152d2d,true,567.1136926131262
c28ffa2f-08c4-4170-bd77-58959a3cc16a,true,932.7576325206282
c2c18af7-f0b8-4349-a886-bbd5b58854ad,true,0.5351331186795522
c33815e6-1a27-49ab-bf69-10bb3f304d36,true,1954.497092670579
c3acf1b7-06a6-4eaf-800a-44090a11cd05,true,0.0
c42fd360-df6b-4f8c-bd71-255fc3e61b04,true,2179.2789981247747
c47fa8fd-b5ae-4390-b692-421f6ea2fcc7,true,0.0
c4894960-d500-4fd4-a8af-8eacd80c971d,true,179.24190720949264
c4cd6477-f84d-4091-a429-562569f515f6,true,0.0
c50bf877-d9e5-494a-9696-7c364f9c6d80,true,5707.747217040666
c545aa35-d399-40bf-834d-7e5624e7c65b,true,1464.023567428826
c5c857de-0cad-45ba-a29b-d5dbd51336f1,true,3188.6292709404597
c6839624-10b1-422b-a24d-fac7f0d22141,true,330.10581622204467
c6959aa7-db27-4289-a141-6ba036604371,true,96.59938622076676
c6ae3dfe-72a9-4699-b1a1-a808e743aa2c,true,117.18138677776096
c731b581-7693-4817-8a9b-4b4092184071,true,0.0
c744bd23-7791-40a6-a16a-ad9c80d5242f,true,193.94469840741635
c7653f19-2dc6-48eb-b44e-36d2217aa1af,true,60.95
c7fad731-d352-4758-8761-abb2ec083924,true,1334.3224571501596
c81d6210-c864-4383-8824-7078df52c536,true,177.54321477291663
c8d0db03-c6c9-455d-9ced-efcd57845e2f,true,272.8181283557444
c9a7968f-8f33-450d-866e-89ac74424243,true,610.2932523147663
c9ae2a78-e99b-4f78-8c2f-ccb956ac438c,true,0.0
ca2b8b49-f21e-40d0-a711-8e19909b6e82,true,12396.308207691514
cabd74e6-a36c-41ae-88f7-707a9e016299,true,3961.5720109653043
cb50d032-8d03-44cd-82eb-35ce5331c291,true,3318.517680763237
cb5334dd-c495-456f-b6de-388b395db61b,true,2248.9827227324
cb99b3c3-cae2-4f81-808b-2572948f65d4,true,224.78190545419554
cbb0bca9-feea-4aa3-9fdb-33123f99fe42,true,17.720847832953407
cc277a2e-a205-421f-bc1f-f42b144df3f4,true,205.35891600143106
cca39558-8630-4b40-be64-55ed4aa8135c,true,193.94469840741635
cce3bc20-4fc5-4ad9-abb8-811a4a09587b,true,416.9757678594249
cd01464e-b6a2-4e65-b301-81d0d3b608f2,true,236.61253205704796
cd370cc2-90f0-4821-9267-69d7100ff29d,true,38.81997083322846
ce04d433-d04c-4ad0-a158-bac1bb6d397a,true,31.80693053881628
ce38d867-05f9-403a-80e5-f63210ea45ed,true,951.4151125074217
cf010932-1957-466a-9e20-2444a6b4e567,true,439.0598937516304
cf728d61-abad-4747-8fdf-ed4273b83114,true,10264.97
cfb5d657-4da8-4257-bfc4-2b2a8ad3808b,true,88.28
cfb6b6d7-1921-40f4-b923-2084bc557afe,true,221.09695618445463
d09b43dc-a038-4fb6-b678-0951686d4224,true,208.48093433358144
d09d7f9d-3071-44e2-8d33-48bdd8f0fbcd,true,1250.9273035782746
d0e8266a-8f2a-47c7-b654-c190318707f7,true,59.803842938404124
d1b7d8ac-c884-4cb7-8cf1-887e50c03770,true,8733.088993825844
d1f51c46-996e-4247-a537-65f67f5952e1,true,73.69898539481821
d22b4ac9-bebf-4f32-afcf-8d5ef57bafdd,true,9432.0
d2b350b7-8571-4b8b-97fb-9620b4c99daa,true,127.72893149130692
d4839eb6-579b-49b2-bf65-81b2a962c9b8,true,193.94469840741635
d5f6233c-0375-460c-bac3-7b20fcba3678,true,186.1869104711197
d6a4449c-84e2-4013-8a62-1b5951f3d307,true,272.8181283557444
d74b1e0b-964d-4bd7-b8ab-49eddbe141f2,true,55.59676904792332
d816797d-b421-4a8b-a56e-698a727c0dbe,true,4202.388688758301
d91ee65e-6b69-4ab1-aad0-a6cd78e5458d,true,55.59676904792332
da5304b2-e753-4755-830c-a53a4866f41f,true,0.0
da7ae568-64b8-4f73-b24d-106c1baedcf7,true,155.15575872593308
db113093-e15e-472a-8b7a-d5fea364c704,true,826.9026161298603
db87d855-4514-4fca-9909-e1edef27294f,true,517.5996111097128
dbae88bd-1a4b-4619-9d21-9ec9de827d81,true,0.0
dd34dd6c-3cbd-4700-b182-dd2104b8da65,true,174.55022856667472
dd8297e7-0ce5-4b0a-9f97-965e6d7eaaf5,true,3487.113264904648
deaca1ef-76d0-46a4-991c-1efe7cde29fa,true,14.799364334307171
dec79097-68a4-4eb4-8917-460de45e943d,true,131.3821148563738
def1f529-8410-444c-975b-f9a7fd91ae7a,true,8.843878247378186
df479dac-352f-4f1c-8adc-26584b365b64,true,1111.9353809584663
dfa2f1dd-b0c5-4681-beaa-a7fdfcb61186,true,242.62481770767786
dfe41aca-f932-4f6e-8c24-691d0afd56a4,true,3415.951024430484
e069ee66-9420-4e86-8343-70a9355f1be4,true,408.47454934885695
e0a7e9db-7df9-49f0-ad1b-02931ca1ac17,true,193.94469840741635
e0b69454-2ab0-4dd7-915b-5e0027f1fd7e,true,479.17080400333913
e0d5b75a-a4a8-4a80-81b1-09066da723aa,true,519.7717917318759
e153bde6-f6bd-4362-acd7-ff5e33a51755,true,1645.8922885646982
e1a165df-e710-4d00-9bbe-d02008325301,true,34.74798065495207
e1f74388-832e-48ca-bc89-d007720acdb3,true,69.08458304604723
e1f7b95d-3ef8-49a1-8f2d-44dc885ebbda,true,78.79478791421815
e22ecd39-dcf5-451f-bffc-5af2cdd9dc2b,true,2318.3852692984024
e250ed5c-95f0-4f7a-9e2d-2326396bfb9a,true,9192.725256658785
e282fe4b-067f-463d-abb0-2f3ceb9e64c0,true,0.0
e3aebd60-9dd0-49fe-b3ec-1cb3675045bc,true,96.59938622076676
e4a42374-7132-4083-8268-8b5769f28be8,true,388.0508218814141
e4b64d41-38f3-4733-b9d6-fbd6d7d25b4d,true,0.0
e521facc-2da8-470a-af9f-2e78dd3aa275,true,34.74798065495207
e53c07fe-1b1f-483c-991b-916e9c199e45,true,2293.9778927629204
e625a3dc-6a69-43f2-b7f2-e6d8d68f9023,true,482.9969311038338
e6364588-d8d4-4b21-970c-9594b46816fc,true,116.36681904444981
e63bbd3e-df80-4526-b84b-bde3f69cc9fc,true,0.0
e66824c0-331d-4977-89d9-70d996e03b0d,true,132.04232648881788
e674a0e2-6a6d-4be0-8ec9-2096f8f4d40e,true,144.37106240562062
e698ea2e-06bf-4982-bae4-ba81e3758246,true,1320.4232648881787
e6bab00d-f8a8-4e24-a430-247e01008a95,true,86.86995163738018
e72e4fb7-6668-4ca0-a0ae-8d58156538c8,true,0.0
e7616320-17e2-459b-8711-f807690ab376,true,660.2116324440893
e8107283-8ea5-4fec-a867-3313536cb5b7,true,164.15580815462116
e85aa74e-eb0e-4dfb-9cb7-3d238022db10,true,94.94
e8f3da9d-705f-41ba-a7ae-fddd80c6e831,true,0.0
e8fa5b6d-352f-411e-a716-8aea6ced89ca,true,10438.996385424432
e907ef78-3270-4873-91c5-0cb9d647d673,true,121.03504469988302
e92cd1f9-6d6d-4104-9884-e214477708ba,true,5.524928924137379
e9457f4b-cec5-4494-a751-ba18c4ed7749,true,480.9363053227748
e9507448-869e-4b97-8b14-8b88edfda58c,true,157.01762783064427
e955f1d7-c96f-4c21-bd15-f187e1ce297f,true,66.02116324440894
e96d5f8b-ebe8-4544-ae39-697fc78433bc,true,297.8990567537915
e9c75867-d77a-4b1f-8296-b088fcf55ca6,true,33.01058162220447
ea47d6f0-90dc-47e5-9a54-d9d6c331c186,true,72.72061373268129
ea69e8ce-2efd-42f8-be14-dd8b18d2db11,true,1389.919226198083
ea98c856-a7a5-4ba0-9e93-67daa29a275f,true,11119.353809584663
eab1dd57-f9a1-475b-b2a5-4c02643f71ce,true,965.9938622076676
ebb43fde-870b-4900-83d0-816e44f29883,true,263.42444134519167
ebd97a7d-335a-4a92-a742-1d8eece88da8,true,3703.6571970872624
ec326d53-36c2-4bd8-bf03-ccae89f78a96,true,91.27062933396935
ec33f64f-2024-4272-bc2f-2baac39db941,true,69.49596130990415
ec3e7096-670c-4788-9708-6c360bd9cb30,true,111.62594954514238
ec87bccc-a12f-43d9-b5cf-9360e11d6f07,true,3283.116163092423
ec8f1363-9dde-4219-9ae7-b665ef332867,true,5.248682477930511
ecccdfd6-fc40-4d9e-890c-bc905249f534,true,0.0
ecfb8f7b-bb0e-4974-a22a-c303b69fc0ff,true,7.369898539481821
ed584630-2be3-4cb0-b627-bfadc599744b,true,1473.9797078963643
eec5ffd9-9e6f-48fe-af28-14b117a6e437,true,1483.3542188385852
ef4b945a-b949-4427-b9d8-4e19b59bf730,true,854.1712407259431
ef4c89ce-31dd-4012-8ab2-a191b5502bc6,true,7.679651204550957
f0cb5d06-929e-4348-a003-444ce1cda722,true,1667.9030714376995
f118287b-c7a3-4ed4-b737-d03d0cb5f527,true,6949.596130990414
f2447aba-6968-47ca-a513-652f8f974c42,true,58.176490986145026
f291926b-681e-4e37-9733-87342e6e62c2,true,27.79838452396166
f2c659ec-499a-46c2-bf53-7d87e2b47a0a,true,0.0
f37b8d8d-ea08-45a9-8ccc-fa7045d50ada,true,69.49596130990415
f38e9061-e337-4d2f-872b-a2ba5deeccbc,true,396.12697946645363
f39363a4-a8df-4b78-a900-3b970183b47b,true,155.9480177468901
f3d29ebf-867b-47e6-a29f-9d6f072850dc,true,9659.938622076676
f445a442-8407-455b-9269-aab348fc0332,true,1.3509969556827475
f471c601-be28-4ca4-8b7c-e3e69e2b3737,true,421.40304069963423
f4a3d81d-5951-41a6-a920-c795dfa24c0d,true,0.0
f4bdd484-ab01-4296-a6af-577bd6e629f0,true,128.2362345869837
f4be3004-0ef4-4b90-89ed-097e5e78474d,true,2142.0976407642825
f4e2bbdf-0690-43a4-803a-e28468ad3e57,true,96.82803575990641
f51e2879-5917-4683-955c-cae7ee3e16db,true,493.783202145282
f54c98ce-4700-4f70-bcd5-60f735dcccb7,true,347.47980654952073
f558dafd-a7a3-44ec-a2da-93e838b32673,true,13954.384630173588
f5cf3034-44ac-4417-b36e-a529e2b8dfa9,true,694.9596130990415
f5db1b13-b112-4b38-9a28-4f87dd2fb887,true,1249.7873943253273
f722ea41-953c-439b-b7ce-5bd5b6610bc4,true,55.59676904792332
f7964a40-957d-4123-8efe-203c9ad33420,true,1129.805446102563
f82cac75-41cb-407b-b08e-38c5a535cf9c,true,330.10581622204467
f83434f2-a7da-4ef0-9e23-e36f20a98b97,true,25.445544431053026
f835e40a-b1be-4f5c-8825-2c0871f060cc,true,9.580868101326368
f84570df-354a-4b10-9cf2-831acf83631f,true,311.43281377649345
f86310cc-c850-4a01-b5ef-d3c730910c54,true,1931.9877244153352
f8a6564d-b869-47b1-8629-e92ef004a655,true,477.569425358422
f8ca2dfa-fb66-4775-82e1-026a028ea6e9,true,5839.850031128531
f9217695-7ff6-427b-af7d-a6218492659c,true,14.176678266362726
f971796c-a15a-420d-a00f-52925bb45b58,true,140.35321597220107
f9725528-d39f-4096-99c4-105028c1f613,true,417.1068990640489
f9a3cad4-0107-4252-9610-94b795d0426c,true,96.59938622076676
f9aa6c96-41bd-40e7-8179-2c7e7589c3d6,true,526.7538008745428
f9e80432-f95d-48bc-b05f-66509dd0b330,true,69.49596130990415
fa41017c-3bbe-484e-9448-3531c7726c66,true,1667.9030714376995
fb229315-ef2f-4dcc-a710-421230db1b17,true,0.0
fb618819-c7b0-4598-a3d9-a9d742ab555d,true,55.59676904792332
fb69b47d-018c-4d6e-a43f-46c98de7b64d,true,165.82271713834098
fbf208cd-1d38-44fe-90f1-1adf70e81c6a,true,1334.3224571501596
fccb5f40-52d8-4565-b557-f7ed22287f1d,true,193.19877244153352
fcf8b3d8-5530-499a-95eb-d57fc24058fa,true,264.19146817058254
fd3e1877-aa10-4357-9c72-113dd05a4196,true,196.27203478830535
fd7f7403-a59e-491d-851a-1461f25e3afd,true,323.49975694357045
fdd0bfdd-7b50-4799-befc-bca56e5c262e,true,6602.116324440894
feafc831-c9d0-4375-af6c-eab4a0831651,true,1930.2152164299705
ff387d69-2f4c-4845-b8de-aa06e7b7c701,true,10405.461541897825
